Clothing&Accessories:Men:Suits&Blazers,m_blazers,Men>Topwear>Formal>Blazers&Suits,https://www.amazon.in/s/ref=sr_nr_n_5?fst=as%3Aoff&rh=n%3A1571271031%2Cn%3A%211571272031%2Cn%3A1968024031%2Cn%3A1968107031&bbn=1968024031&hidden-keywords=-shirts&ie=UTF8&qid=1526245903&rnid=1968024031
Clothing&Accessories:Men:Shirts:CasualShirts,m_cshirts,Men>Topwear>Casual>Casualshirts,https://www.amazon.in/s/ref=lp_1968093031_nr_n_0?fst=as%3Aoff&rh=n%3A1571271031%2Cn%3A%211571272031%2Cn%3A1968024031%2Cn%3A1968093031%2Cn%3A1968094031&bbn=1968093031&ie=UTF8&qid=1526245457&rnid=1968093031&lo=apparel
Clothing&Accessories:Men:EthnicWear:Dhotis*Mundus&Lungis,m_dhotis,Men>Bottomwear>Ethnic>Dhotis&Lungis&Mundus,https://www.amazon.in/s/s/ref=sr_nr_p_98_0?fst=as%3Aoff&rh=n%3A1571271031%2Cn%3A%211571272031%2Cn%3A1968024031%2Cn%3A1968248031%2Cn%3A1968249031&bbn=1968249031&hidden-keywords=-set&ie=UTF8&qid=1523292118
Clothing&Accessories:Men:Shirts:FormalShirts,m_fshirts,Men>Topwear>Formal>FormalShirts,https://www.amazon.in/s/ref=sr_hi_4?rh=n%3A1571271031%2Cn%3A%211571272031%2Cn%3A1968024031%2Cn%3A1968093031%2Cn%3A1968096031&bbn=1968096031&ie=UTF8&qid=1526245821
Clothing&Accessories:Men:Sweatshirts&Hoodies,m_hoodies,Men>Topwear>Casual>Sweatshirts&Hoodies,https://www.amazon.in/s/ref=lp_1968024031_nr_n_4?fst=as%3Aoff&rh=n%3A1571271031%2Cn%3A%211571272031%2Cn%3A1968024031%2Cn%3A11960414031&bbn=1968024031&ie=UTF8&qid=1526246241&rnid=1968024031
Clothing&Accessories:Men:EthnicWear:EthnicJackets,m_jackets,Men>Topwear>Festive>Jackets,https://www.amazon.in/s/ref=sr_nr_n_2?fst=as%3Aoff&rh=n%3A1571271031%2Cn%3A%211571272031%2Cn%3A1968024031%2Cn%3A1968248031%2Cn%3A5229862031&bbn=1968248031&hidden-keywords=-shirts&ie=UTF8&qid=1526245926&rnid=1968248031
Clothing&Accessories:Men:Jeans,m_jeans,Men>Bottomwear>Casual>Jeans,https://www.amazon.in/s/s/ref=sr_nr_p_98_0?fst=as%3Aoff&rh=n%3A1571271031%2Cn%3A%211571272031%2Cn%3A1968024031%2Cn%3A1968076031&bbn=1968024031&ie=UTF8&qid=1523292110&ajr=1
Clothing&Accessories:Men:EthnicWear:KurtaPyjamas,m_kurtas,Men>Topwear>Festive>Kurtas&Sherwanis,https://www.amazon.in/s/ref=sr_nr_n_3?fst=as%3Aoff&rh=n%3A1571271031%2Cn%3A%211571272031%2Cn%3A1968024031%2Cn%3A1968248031%2Cn%3A3723382031&bbn=1968248031&hidden-keywords=-shirts&ie=UTF8&qid=1526245926&rnid=1968248031
Clothing&Accessories:Men:EthnicWear:Kurtas,m_kurtas,Men>Topwear>Festive>Kurtas&Sherwanis,https://www.amazon.in/s/ref=sr_nr_n_4?fst=as%3Aoff&rh=n%3A1571271031%2Cn%3A%211571272031%2Cn%3A1968024031%2Cn%3A1968248031%2Cn%3A1968250031&bbn=1968248031&hidden-keywords=-shirts&ie=UTF8&qid=1526245926&rnid=1968248031
Clothing&Accessories:Men:Shorts,m_shorts,Men>Bottomwear>Casual>Shorts,https://www.amazon.in/s/s/ref=sr_nr_p_98_0?fst=as%3Aoff&rh=n%3A1571271031%2Cn%3A%211571272031%2Cn%3A1968024031%2Cn%3A1968097031&bbn=1968024031&hidden-keywords=-boxer+-caps&ie=UTF8&qid=1523292377&ajr=1
Clothing&Accessories:Men:Sportswear:TrackPants,m_tracks,Men>Bottomwear>Casual>Tracks&Joggers,https://www.amazon.in/s/s/ref=sr_nr_p_98_0?fst=as%3Aoff&rh=n%3A1571271031%2Cn%3A%211571272031%2Cn%3A1968024031%2Cn%3A1968062031%2Cn%3A1968071031&bbn=1968062031&hidden-keywords=-gloves+-socks+-headband+-women+-relaxed+-macroman+-boxers&ie=UTF8&qid=1526230193
Clothing&Accessories:Men:Trousers,m_trousers,Men>Bottomwear>Formal>Trousers,https://www.amazon.in/s/ref=lp_5836983031_ex_n_1?rh=n%3A1571271031%2Cn%3A%211571272031%2Cn%3A1968024031%2Cn%3A1968125031&bbn=1968125031&ie=UTF8&qid=1523292277
Clothing&Accessories:Men:T-Shirts&Polos,m_tshirts,Men>Topwear>Casual>Tshirts&Polos,https://www.amazon.in/s/ref=mega_sv_s23_2_1_1_2?rh=i%3Aapparel%2Cn%3A1571271031%2Cn%3A!1571272031%2Cn%3A1968024031%2Cn%3A1968120031&ie=UTF8&lo=apparel
Sports*Fitness&Outdoors:Exercise&Fitness:Clothing:Women:Capris,w_capris,Women>Westernwear>Capris&Tracks,https://www.amazon.in/s/ref=lp_3404695031_nr_n_0?fst=as%3Aoff&rh=n%3A1984443031%2Cn%3A%211984444031%2Cn%3A3403635031%2Cn%3A3403928031%2Cn%3A3404695031%2Cn%3A3414270031&bbn=3404695031&ie=UTF8&qid=1526272781&rnid=3404695031
Clothing&Accessories:Women:EthnicWear:LehengaCholis,w_choli,Women>Ethnicnwear>LehengaCholi,https://www.amazon.in/s/ref=lp_1968253031_nr_n_4?fst=as%3Aoff&rh=n%3A1571271031%2Cn%3A%211571272031%2Cn%3A1953602031%2Cn%3A1968253031%2Cn%3A3723378031&bbn=1968253031&ie=UTF8&qid=1523292928&rnid=1968253031
Clothing&Accessories:Women:WesternWear:Dresses,w_dresses,Women>Westernwear>Dresses,https://www.amazon.in/gp/search/ref=sr_hi_4?rh=n%3A1571271031%2Cn%3A%211571272031%2Cn%3A1953602031%2Cn%3A11400137031%2Cn%3A1968445031&bbn=1968445031&ie=UTF8&qid=1526230590
Clothing&Accessories:Women:EthnicWear:IslamicClothing,w_hijab,Women>Ethnicnwear>Hijab&Abaya,https://www.amazon.in/s/ref=lp_1968253031_nr_n_10?fst=as%3Aoff&rh=n%3A1571271031%2Cn%3A%211571272031%2Cn%3A1953602031%2Cn%3A1968253031%2Cn%3A5836984031&bbn=1968253031&ie=UTF8&qid=1523292928&rnid=1968253031
Clothing&Accessories:Women:WesternWear:Sweaters:Cardigans,w_jackets,Women>Westernwear>Jacket&Shrugs&Cardigans,https://www.amazon.in/s/ref=lp_1968449031_nr_n_0?fst=as%3Aoff&rh=n%3A1571271031%2Cn%3A%211571272031%2Cn%3A1953602031%2Cn%3A11400137031%2Cn%3A1968449031%2Cn%3A1968450031&bbn=1968449031&ie=UTF8&qid=1526231435&rnid=1968449031
Clothing&Accessories:Women:WesternWear:Sweaters:Shrugs,w_jackets,Women>Westernwear>Jacket&Shrugs&Cardigans,https://www.amazon.in/s/ref=lp_1968449031_nr_n_2?fst=as%3Aoff&rh=n%3A1571271031%2Cn%3A%211571272031%2Cn%3A1953602031%2Cn%3A11400137031%2Cn%3A1968449031%2Cn%3A1968453031&bbn=1968449031&ie=UTF8&qid=1526231435&rnid=1968449031
Clothing&Accessories:Women:EthnicWear:Kurtas,w_kurtis,Women>Ethnicnwear>Kurtis,https://www.amazon.in/s/ref=lp_1968253031_nr_n_1?fst=as%3Aoff&rh=n%3A1571271031%2Cn%3A%211571272031%2Cn%3A1953602031%2Cn%3A1968253031%2Cn%3A1968255031&bbn=1968253031&ie=UTF8&qid=1523292928&rnid=1968253031
Clothing&Accessories:Women:WesternWear:Leggings,w_leggings,Women>Westernwear>Leggings&Jeggings,https://www.amazon.in/s/ref=lp_11400137031_nr_n_4?fst=as%3Aoff&rh=n%3A1571271031%2Cn%3A%211571272031%2Cn%3A1953602031%2Cn%3A11400137031%2Cn%3A1968456031&bbn=11400137031&ie=UTF8&qid=1523292927&rnid=11400137031
Clothing&Accessories:Women:WesternWear:Sweaters:Ponchos&Capes,w_ponchos,Women>Westernwear>Ponchos&Capes,https://www.amazon.in/s/ref=lp_1968449031_nr_n_1?fst=as%3Aoff&rh=n%3A1571271031%2Cn%3A%211571272031%2Cn%3A1953602031%2Cn%3A11400137031%2Cn%3A1968449031%2Cn%3A1968452031&bbn=1968449031&ie=UTF8&qid=1526231110&rnid=1968449031
Clothing&Accessories:Women:EthnicWear:SalwarSuitSets,w_salwar,Women>Ethnicnwear>Salwar&Anarkali&Gowns,https://www.amazon.in/s/ref=lp_1968253031_nr_n_3?fst=as%3Aoff&rh=n%3A1571271031%2Cn%3A%211571272031%2Cn%3A1953602031%2Cn%3A1968253031%2Cn%3A3723380031&bbn=1968253031&ie=UTF8&qid=1523292928&rnid=1968253031
Clothing&Accessories:Women:EthnicWear:Sarees,w_sarees,Women>Ethnicnwear>Sarees,https://www.amazon.in/s/ref=lp_1968253031_nr_n_0?fst=as%3Aoff&rh=n%3A1571271031%2Cn%3A%211571272031%2Cn%3A1953602031%2Cn%3A1968253031%2Cn%3A1968256031&bbn=1968253031&ie=UTF8&qid=1523292928&rnid=1968253031
Clothing&Accessories:Women:WesternWear:Tops*Tees&Shirts:Shirts,w_shirts,Women>Westernwear>Shirts,https://www.amazon.in/s/ref=lp_1968542031_nr_n_1?fst=as%3Aoff&rh=n%3A1571271031%2Cn%3A%211571272031%2Cn%3A1953602031%2Cn%3A11400137031%2Cn%3A1968542031%2Cn%3A1968444031&bbn=1968542031&ie=UTF8&qid=1526231792&rnid=1968542031
Clothing&Accessories:Women:WesternWear:Shorts,w_shorts,Women>Westernwear>Shorts,https://www.amazon.in/s/ref=lp_11400137031_nr_n_10?fst=as%3Aoff&rh=n%3A1571271031%2Cn%3A%211571272031%2Cn%3A1953602031%2Cn%3A11400137031%2Cn%3A1968510031&bbn=11400137031&ie=UTF8&qid=1526245149&rnid=11400137031
Clothing&Accessories:Women:WesternWear:Skirts,w_skirts,Women>Westernwear>Skirts,https://www.amazon.in/s/ref=lp_11400137031_nr_n_9?fst=as%3Aoff&rh=n%3A1571271031%2Cn%3A!1571272031%2Cn%3A1953602031%2Cn%3A11400137031%2Cn%3A1968511031&bbn=11400137031&ie=UTF8&qid=1523292927&rnid=11400137031
Clothing&Accessories:Women:WesternWear:Sweaters:Pullovers,w_sshirts,Women>Westernwear>Sweatshirts&Pullovers,https://www.amazon.in/s/ref=lp_1968449031_nr_n_3?fst=as%3Aoff&rh=n%3A1571271031%2Cn%3A%211571272031%2Cn%3A1953602031%2Cn%3A11400137031%2Cn%3A1968449031%2Cn%3A1968451031&bbn=1968449031&ie=UTF8&qid=1526231435&rnid=1968449031
Clothing&Accessories:Women:WesternWear:Tops*Tees&Shirts:Tees,w_tees,Women>Westernwear>Tops&Tees,https://www.amazon.in/s/ref=lp_1968542031_nr_n_2?fst=as%3Aoff&rh=n%3A1571271031%2Cn%3A%211571272031%2Cn%3A1953602031%2Cn%3A11400137031%2Cn%3A1968542031%2Cn%3A1968545031&bbn=1968542031&ie=UTF8&qid=1526232262&rnid=1968542031
Clothing&Accessories:Women:WesternWear:Tops*Tees&Shirts:TankTops,w_toptanks,Women>Westernwear>Toptanks,https://www.amazon.in/s/ref=lp_1968542031_nr_n_3?fst=as%3Aoff&rh=n%3A1571271031%2Cn%3A%211571272031%2Cn%3A1953602031%2Cn%3A11400137031%2Cn%3A1968542031%2Cn%3A1968546031&bbn=1968542031&ie=UTF8&qid=1526232332&rnid=1968542031
